{
  "cell_data": {
    "vertices": [
      [
        0,
        0
      ],
      [
        1.9999999999999998,
        3.464101615137755
      ],
      [
        4.0,
        3.464101615137755
      ],
      [
        6.0,
        0
      ],
      [
        6.0,
        8.92820323027551
      ],
      [
        4.0,
        5.464101615137755
      ],
      [
        1.9999999999999998,
        5.464101615137755
      ],
      [
        0,
        8.92820323027551
      ]
    ],
    "edges": [
      [
        0,
        1
      ],
      [
        1,
        2
      ],
      [
        2,
        3
      ],
      [
        3,
        4
      ],
      [
        4,
        5
      ],
      [
        5,
        6
      ],
      [
        6,
        7
      ],
      [
        7,
        0
      ]
    ],
    "parameters": {
      "L": 4.0,
      "t": 0.8,
      "theta": 30.0,
      "h": 2.0,
      "cell_width": 6.0,
      "cell_height": 8.92820323027551
    }
  },
  "total_dimensions": [
    18.0,
    26.78460969082653,
    3.0
  ],
  "description": "Corrected re-entrant auxetic geometry with proper negative Poisson's ratio behavior"
}